id,name,slug,description,base_price_cents,category_id,sku,is_active,meta_title,meta_description,unit_cost,sale_price,weight,dimensions,printable_areas
d99a4eac-1eee-4274-9bf8-e41c59f3b3de,Gildan Softstyle Jersey T-shirt,gildan-softstyle-jersey-t-shirt,"Try this on for size: a lightweight and comfortable fabric with an exciting color palette, all at an affordable price. An excellent choice for your next event!",815,e2dbb0c4-8cf8-4b03-b8a1-3a0d6b64490a,CINK-176100,true,Custom Gildan Softstyle Jersey T-shirt | Custom Ink,"Try this on for size: a lightweight and comfortable fabric with an exciting color palette, all at an affordable price. An excellent choice for your next event!",326,1223,0.5,12x10x1,"{""front"":""12x14"",""back"":""12x14""}"
edaf278e-7539-48be-b7be-fdb0d06b9032,Bella + Canvas Jersey T-shirt,bella-canvas-jersey-t-shirt,"This t-shirt is made to have a worn-in feel right out of the box—an easy choice for your next event. The lightweight, breathable fabric is perfect for any warm weather adventure, from a trip to the beach with friends to a fun run for a local good cause. With a wide color selection available, you can mix and match to meet your group's needs, whether that's color-coordinating for a family reunion or cheering on your favorite sports team.",1425,e2dbb0c4-8cf8-4b03-b8a1-3a0d6b64490a,CINK-124200,true,Custom Bella + Canvas Jersey T-shirt | Custom Ink,"This t-shirt is made to have a worn-in feel right out of the box—an easy choice for your next event. The lightweight, breathable fabric is perfect for any warm ",570,2138,0.5,12x10x1,"{""front"":""12x14"",""back"":""12x14""}"
2a691d8c-0966-44ab-8ca5-a66488f70f8b,Comfort Colors 100% Cotton T-shirt,comfort-colors-100percent-cotton-t-shirt,"This t-shirt feels like you have owned it for years. Your group will love the classic comfortable style this t-shirt provides. It also offers a perfect vintage look for your next event! Looking to embroider this shirt? Check out the <a href=""https://www.customink.com/products/t-shirts/short-sleeve-t-shirts/comfort-colors-100-cotton-t-shirt-embroidered/1164600"" target=""_blank"">Comfort Colors 100% Cotton T‑shirt ‑ Embroidered</a>!
",1570,e2dbb0c4-8cf8-4b03-b8a1-3a0d6b64490a,CINK-175800,true,Custom Comfort Colors 100% Cotton T-shirt | Custom Ink,This t-shirt feels like you have owned it for years. Your group will love the classic comfortable style this t-shirt provides. It also offers a perfect vintage ,628,2355,0.5,12x10x1,"{""front"":""12x14"",""back"":""12x14""}"
ab5fce87-c5b1-45e3-9c7d-2aebb348f12d,Bella + Canvas Tri-Blend T-shirt,bella-canvas-tri-blend-t-shirt,"This shirt is an easy favorite—it's trendy with super soft, lightweight fabric and stylish colors! Coordinates perfectly with all Bella + Canvas Tri-Blend products.",1360,e2dbb0c4-8cf8-4b03-b8a1-3a0d6b64490a,CINK-242000,true,Custom Bella + Canvas Tri-Blend T-shirt | Custom Ink,"This shirt is an easy favorite—it's trendy with super soft, lightweight fabric and stylish colors! Coordinates perfectly with all Bella + Canvas Tri-Blend produ",544,2040,0.5,12x10x1,"{""front"":""12x14"",""back"":""12x14""}"
9e2667dd-7707-49c4-9174-6eff15a9ea0b,Gildan Ultra Cotton T-shirt,gildan-ultra-cotton-t-shirt,"A great look priced right. It's no wonder our customers love this ""ultra"" popular style! This style is also available in <a href=""https://www.customink.com/products/t-shirts/short-sleeve-t-shirts/gildan-ultra-cotton-tall-t-shirt/136500"" target=""_blank""> tall sizes</a>.
Looking to embroider? Check out the <a href=""https://www.customink.com/products/t-shirts/short-sleeve-t-shirts/gildan-ultra-cotton-t-shirt-embroidered/1678200"" target=""_blank"">Gildan Ultra Cotton T-shirt - Embroidered</a>!",750,e2dbb0c4-8cf8-4b03-b8a1-3a0d6b64490a,CINK-4600,true,Custom Gildan Ultra Cotton T-shirt | Custom Ink,"A great look priced right. It's no wonder our customers love this ""ultra"" popular style! This style is also available in <a href=""https://www.customink.com/prod",300,1125,0.5,12x10x1,"{""front"":""12x14"",""back"":""12x14""}"
4574d41b-aa11-4739-a24b-ecc5ec9b205f,AllPro Interlock UPF 50 Performance Shirt,allpro-interlock-upf-50-performance-shirt,"Stay active and stylish with this performance shirt! The customizable AllPro Interlock UPF 50 Performance Shirt offers breathable fabric and durable construction, making it perfect for events, workouts, or daily wear.",1105,e2dbb0c4-8cf8-4b03-b8a1-3a0d6b64490a,CINK-1790600,true,Custom AllPro Interlock UPF 50 Performance Shirt | Custom Ink,Stay active and stylish with this performance shirt! The customizable AllPro Interlock UPF 50 Performance Shirt offers breathable fabric and durable constructio,442,1658,0.5,12x10x1,"{""front"":""12x14"",""back"":""12x14""}"
e8eace8a-458c-4ea5-b044-bb3614db776d,Gildan 100% Cotton T-shirt,gildan-100percent-cotton-t-shirt,"Lightweight, breathable cotton - the perfect t-shirt that keeps your comfort and wallet in mind.",815,e2dbb0c4-8cf8-4b03-b8a1-3a0d6b64490a,CINK-4100,true,Custom Gildan 100% Cotton T-shirt | Custom Ink,"Lightweight, breathable cotton - the perfect t-shirt that keeps your comfort and wallet in mind.",326,1223,0.5,12x10x1,"{""front"":""12x14"",""back"":""12x14""}"
c8427c68-d857-4290-8d9f-c91ddfb62aa6,Next Level Tri-Blend T-shirt,next-level-tri-blend-t-shirt,"Everyone in your group will love this stylish, lightweight, and comfortable t-shirt! This style coordinates perfectly with the  <a href=""https://www.customink.com/products/womens/womens-short-sleeve-t-shirts/next-level-womens-slim-fit-tri-blend-t-shirt/187000"" target=""_blank"">Next Level Women's Slim Fit Tri-Blend T-shirt</a>.",1425,e2dbb0c4-8cf8-4b03-b8a1-3a0d6b64490a,CINK-186900,true,Custom Next Level Tri-Blend T-shirt | Custom Ink,"Everyone in your group will love this stylish, lightweight, and comfortable t-shirt! This style coordinates perfectly with the  <a href=""https://www.customink.c",570,2138,0.5,12x10x1,"{""front"":""12x14"",""back"":""12x14""}"
231fc0cb-a445-4f34-b741-f0dc82b56a41,Gildan DryBlend 50/50 T-shirt,gildan-dryblend-5050-t-shirt,Help your group stay cool in this lightweight favorite. Bonus: blended tees shrink less than 100% cotton ones!,750,e2dbb0c4-8cf8-4b03-b8a1-3a0d6b64490a,CINK-4900,true,Custom Gildan DryBlend 50/50 T-shirt | Custom Ink,Help your group stay cool in this lightweight favorite. Bonus: blended tees shrink less than 100% cotton ones!,300,1125,0.5,12x10x1,"{""front"":""12x14"",""back"":""12x14""}"
981f3b05-a349-4843-add9-ff1b8cb18391,Comfort Colors 100% Cotton Pocket T-shirt,comfort-colors-100percent-cotton-pocket-t-shirt,"This functional pocket t-shirt looks and feels like no other!  Special attention is given to the pigment-dyed color process for a perfect vintage look every time. Looking to embroider this shirt? Use <a href=""https://www.customink.com/products/t-shirts/short-sleeve-t-shirts/comfort-colors-100-cotton-pocket-t-shirt-embroidered/1164700"" target=""_blank"">Comfort Colors 100% Cotton Pocket T‑shirt ‑ Embroidered</a>!",1310,e2dbb0c4-8cf8-4b03-b8a1-3a0d6b64490a,CINK-207900,true,Custom Comfort Colors 100% Cotton Pocket T-shirt | Custom Ink,This functional pocket t-shirt looks and feels like no other!  Special attention is given to the pigment-dyed color process for a perfect vintage look every tim,524,1965,0.5,12x10x1,"{""front"":""12x14"",""back"":""12x14""}"
a1b04519-3377-4043-9737-b2b2f341b77b,Gildan Lightweight Cotton T-shirt,gildan-lightweight-cotton-t-shirt,"Keep it classic with the customizable Gildan Lightweight Cotton T-Shirt! Featuring a modern seamless body, narrow rib collar, and taped neck and shoulders, it delivers comfort with a clean, everyday fit. Complete with a tear-away label, it’s perfect for events, giveaways, or custom designs that showcase your brand in style.",740,e2dbb0c4-8cf8-4b03-b8a1-3a0d6b64490a,CINK-2118500,true,Custom Gildan Lightweight Cotton T-shirt | Custom Ink,"Keep it classic with the customizable Gildan Lightweight Cotton T-Shirt! Featuring a modern seamless body, narrow rib collar, and taped neck and shoulders, it d",296,1110,0.5,12x10x1,"{""front"":""12x14"",""back"":""12x14""}"
cceb553f-cc4f-413a-adea-3afe9c8b0933,Bella + Canvas Drop Shoulder Heavyweight T-shirt,bella-canvas-drop-shoulder-heavyweight-t-shirt,"Add comfort and style to your apparel lineup with this heavyweight tee! The customizable Bella + Canvas Drop Shoulder Heavyweight T-shirt is cut from 6 oz. cotton and styled with a relaxed silhouette and exaggerated drop shoulders. Its streetwear vibe makes it ideal for bold prints or logo placement. Great for retail, team kits, or creative brand activations.",1920,e2dbb0c4-8cf8-4b03-b8a1-3a0d6b64490a,CINK-2435600,true,Custom Bella + Canvas Drop Shoulder Heavyweight T-shirt | Custom Ink,Add comfort and style to your apparel lineup with this heavyweight tee! The customizable Bella + Canvas Drop Shoulder Heavyweight T-shirt is cut from 6 oz. cott,768,2880,0.5,12x10x1,"{""front"":""12x14"",""back"":""12x14""}"
2129d781-40a0-443a-94aa-6049a982e1d5,Port & Company Crystal 100% Cotton Tie-Dye T-shirt,port-and-company-crystal-100percent-cotton-tie-dye-t-shirt,"<p>Introducing the Port & Company Crystal 100% Cotton Tie-Dye T-shirt—a vibrant statement piece perfect for any gathering or team activity. Crafted from 100% cotton, this t-shirt offers the combination of style, comfort, and individuality that your group desires. The unique crystal tie-dye pattern ensures each shirt is a one-of-a-kind creation, making every event instantly more memorable.</p>
<strong>Key Benefits:</strong>
<ul>
    
      <li><strong>Unique Crystal Tie-Dye Pattern:</strong> Stand out with a distinctive tie-dye design that makes each shirt a unique piece of art, ensuring that your group will catch everyone's eye at any event.</li>
      
      <li><strong>Comfortable 100% Cotton Fabric:</strong> Experience exceptional comfort with soft, breathable cotton that feels great against the skin and is perfect for everyday wear.</li>
      
      <li><strong>Durable Double-Needle Stitching:</strong> Benefit from double-needle stitching at the neck and hem, enhancing the shirt's durability and ensuring it withstands multiple washes while maintaining its shape.</li>
      
      <li><strong>Versatile Unisex Fit:</strong> Enjoy a relaxed, classic fit that suits all genders, making it an ideal choice for groups with diverse members.</li>
      
      <li><strong>Preshrunk Fabric:</strong> Get peace of mind with preshrunk cotton that minimizes shrinkage concerns, so your shirt maintains its fit even after washing.</li>
      
</ul>
",1540,e2dbb0c4-8cf8-4b03-b8a1-3a0d6b64490a,CINK-1042200,true,Custom Port & Company Crystal 100% Cotton Tie-Dye T-shirt | Custom Ink,<p>Introducing the Port & Company Crystal 100% Cotton Tie-Dye T-shirt—a vibrant statement piece perfect for any gathering or team activity. Crafted from 100% co,616,2310,0.5,12x10x1,"{""front"":""12x14"",""back"":""12x14""}"
9ab869b9-aca1-41c6-89f0-31d956016216,Next Level Jersey Blend T-shirt,next-level-jersey-blend-t-shirt,"Enjoy all-day comfort! The customizable Next Level Jersey Blend T-shirt features a blend of cotton and polyester for a soft, breathable feel. Perfect for teams, events, or everyday wear, this t-shirt combines comfort with durability. ",1080,e2dbb0c4-8cf8-4b03-b8a1-3a0d6b64490a,CINK-172300,true,Custom Next Level Jersey Blend T-shirt | Custom Ink,"Enjoy all-day comfort! The customizable Next Level Jersey Blend T-shirt features a blend of cotton and polyester for a soft, breathable feel. Perfect for teams,",432,1620,0.5,12x10x1,"{""front"":""12x14"",""back"":""12x14""}"
24cab768-28cf-42df-91fc-40d42dd4ba1e,Hanes Authentic T-shirt,hanes-authentic-t-shirt,"Our favorite classic tee, the Hanes Authentic collection, is great for any group. Available in a wide range of sizes with a comfortable fit, this product will meet the needs of your group at a price you’ll love. 
Looking to embroider this shirt? Check out the <a href=""https://www.customink.com/products/t-shirts/short-sleeve-t-shirts/hanes-authentic-t-shirt-embroidered/1164800"" target=""_blank"">Hanes Authentic T‑shirt ‑ Embroidered</a>!",815,e2dbb0c4-8cf8-4b03-b8a1-3a0d6b64490a,CINK-116200,true,Custom Hanes Authentic T-shirt | Custom Ink,"Our favorite classic tee, the Hanes Authentic collection, is great for any group. Available in a wide range of sizes with a comfortable fit, this product will m",326,1223,0.5,12x10x1,"{""front"":""12x14"",""back"":""12x14""}"
8cf8ed11-44f4-4608-9c12-221da0643ae4,Sport-Tek Competitor Performance Shirt,sport-tek-competitor-performance-shirt,"Dominate sweat like a champ and amp up your team's performance level!  Trendy colors will help your group look cool in this moisture-wicking style. This style is also available in <a href=""https://www.customink.com/products/activewear/short-sleeve-performance-shirts/sport-tek-tall-competitor-performance-shirt/820500"" target=""_blank""> tall sizes</a>.",1510,e2dbb0c4-8cf8-4b03-b8a1-3a0d6b64490a,CINK-204300,true,Custom Sport-Tek Competitor Performance Shirt | Custom Ink,Dominate sweat like a champ and amp up your team's performance level!  Trendy colors will help your group look cool in this moisture-wicking style. This style i,604,2265,0.5,12x10x1,"{""front"":""12x14"",""back"":""12x14""}"
4f535bed-5199-4b46-8800-63a2d38e6bf5,Hanes Beefy-T Crewneck T-shirt,hanes-beefy-t-crewneck-t-shirt,"This soft, strong, heavyweight tee features Clean Canvas™ technology, which removes dirt, wax and oil from the fabric. This reduces variation and inconsistency in print quality and creates an optimal print platform for your group logo! This style is also available in <a href=""https://www.customink.com/products/t-shirts/short-sleeve-t-shirts/hanes-tall-beefy-t-shirt/196700"" target=""_blank""> tall sizes</a>.",820,e2dbb0c4-8cf8-4b03-b8a1-3a0d6b64490a,CINK-1100,true,Custom Hanes Beefy-T Crewneck T-shirt | Custom Ink,"This soft, strong, heavyweight tee features Clean Canvas™ technology, which removes dirt, wax and oil from the fabric. This reduces variation and inconsistency ",328,1230,0.5,12x10x1,"{""front"":""12x14"",""back"":""12x14""}"
5cd5ed28-197d-469a-a6e3-75e83e87d73e,Hanes Essential-T Crewneck T-shirt,hanes-essential-t-crewneck-t-shirt,"This shirt is so good, Hanes calls it Essential! This classic, lightweight tee is an easy choice for the whole family. With adult and youth options in a variety of colors and styles, you are sure to find the perfect choices for all your group’s needs. ",820,e2dbb0c4-8cf8-4b03-b8a1-3a0d6b64490a,CINK-297300,true,Custom Hanes Essential-T Crewneck T-shirt | Custom Ink,"This shirt is so good, Hanes calls it Essential! This classic, lightweight tee is an easy choice for the whole family. With adult and youth options in a variety",328,1230,0.5,12x10x1,"{""front"":""12x14"",""back"":""12x14""}"
0484a9e5-051a-43a1-a8d3-3da3ec95b38c,Gildan Women's 100% Cotton T-shirt,gildan-womens-100percent-cotton-t-shirt,This budget friendly option is a great choice to bring the ladies in your group together!  Coordinates with the Gildan 100% Cotton T-shirt.  ,815,e2dbb0c4-8cf8-4b03-b8a1-3a0d6b64490a,CINK-193600,true,Custom Gildan Women's 100% Cotton T-shirt | Custom Ink,This budget friendly option is a great choice to bring the ladies in your group together!  Coordinates with the Gildan 100% Cotton T-shirt.  ,326,1223,0.5,12x10x1,"{""front"":""12x14"",""back"":""12x14""}"
7dce98b0-af05-4547-83d5-5d9a12573164,Bella + Canvas Heavyweight Garment Dyed T-shirt,bella-canvas-heavyweight-garment-dyed-t-shirt,"Cozy up to a timeless essential with a comfortable lived-in feel! The customizable Bella + Canvas Heavyweight Garment Dyed T-shirt is made from combed ring-spun cotton and garment-dyed for rich, softened color. With a classic fit and heavyweight fabric, it’s built to last and perfect for creative branding. Great for team gear, lifestyle collections, or upscale casual wear.",1470,e2dbb0c4-8cf8-4b03-b8a1-3a0d6b64490a,CINK-2399900,true,Custom Bella + Canvas Heavyweight Garment Dyed T-shirt | Custom Ink,Cozy up to a timeless essential with a comfortable lived-in feel! The customizable Bella + Canvas Heavyweight Garment Dyed T-shirt is made from combed ring-spun,588,2205,0.5,12x10x1,"{""front"":""12x14"",""back"":""12x14""}"
8672babf-e695-457e-8f91-9504976daac5,Dyenomite 100% Cotton Tonal Tie-Dye T-shirt,dyenomite-100percent-cotton-tonal-tie-dye-t-shirt,"Bright, fun and colorful - a look that is sure to help your group stand out from the crowd! This tie-dye shirt from Gildan is sure to please.",1540,e2dbb0c4-8cf8-4b03-b8a1-3a0d6b64490a,CINK-201600,true,Custom Dyenomite 100% Cotton Tonal Tie-Dye T-shirt | Custom Ink,"Bright, fun and colorful - a look that is sure to help your group stand out from the crowd! This tie-dye shirt from Gildan is sure to please.",616,2310,0.5,12x10x1,"{""front"":""12x14"",""back"":""12x14""}"
5c1c532e-6908-4fb4-a3ce-89595006352d,Shaka Wear Max 100% Cotton Heavyweight Crewneck T-shirt,shaka-wear-max-100percent-cotton-heavyweight-crewneck-t-shirt,Stay comfortable and stylish with this oversized t-shirt! The customizable Shaka Wear Max 100% Cotton Heavyweight Crewneck T-shirt has a relaxed fit with heavy-duty knitting to give it a durable streetwear fit. The large sleeves and forward shoulder seam improve the range of motion so you can relax or run errands with ease.,2220,e2dbb0c4-8cf8-4b03-b8a1-3a0d6b64490a,CINK-1567700,true,Custom Shaka Wear Max 100% Cotton Heavyweight Crewneck T-shirt | Custom Ink,Stay comfortable and stylish with this oversized t-shirt! The customizable Shaka Wear Max 100% Cotton Heavyweight Crewneck T-shirt has a relaxed fit with heavy-,888,3330,0.5,12x10x1,"{""front"":""12x14"",""back"":""12x14""}"
d0aba0a3-1f55-427d-959a-3e6f4e463c52,District Tri-Blend T-shirt,district-tri-blend-t-shirt,An essential tri-blend t-shirt that everyone will look great in! Perfect for any group that needs something comfortable and loves super smooth and soft fabric.  ,1425,e2dbb0c4-8cf8-4b03-b8a1-3a0d6b64490a,CINK-306200,true,Custom District Tri-Blend T-shirt | Custom Ink,An essential tri-blend t-shirt that everyone will look great in! Perfect for any group that needs something comfortable and loves super smooth and soft fabric. ,570,2138,0.5,12x10x1,"{""front"":""12x14"",""back"":""12x14""}"
35f2cdda-6809-4525-8cc1-01e855781dab,Gildan Ultra Cotton Pocket T-shirt,gildan-ultra-cotton-pocket-t-shirt,This pocket t-shirt is the perfect addition to your wardrobe on or off the job!  A classic comfortable style that will last for years.,1405,e2dbb0c4-8cf8-4b03-b8a1-3a0d6b64490a,CINK-99700,true,Custom Gildan Ultra Cotton Pocket T-shirt | Custom Ink,This pocket t-shirt is the perfect addition to your wardrobe on or off the job!  A classic comfortable style that will last for years.,562,2108,0.5,12x10x1,"{""front"":""12x14"",""back"":""12x14""}"
56ce9bfe-a0dd-41b3-a098-4b33010a9230,Comfort Colors 100% Cotton T-shirt - Embroidered,comfort-colors-100percent-cotton-t-shirt-embroidered,"This t‑shirt feels like you have owned it for years. Your group will love the classic comfortable style this t‑shirt provides. A perfect vintage look for your next event! Looking to print on this shirt? Use the <a href=""https://www.customink.com/products/t-shirts/short-sleeve-t-shirts/comfort-colors-100-cotton-t-shirt/175800"" target=""_blank"">Comfort Colors 100% Cotton T‑shirt</a>!",1490,e2dbb0c4-8cf8-4b03-b8a1-3a0d6b64490a,CINK-1164600,true,Custom Comfort Colors 100% Cotton T-shirt - Embroidered | Custom Ink,This t‑shirt feels like you have owned it for years. Your group will love the classic comfortable style this t‑shirt provides. A perfect vintage look for your n,596,2235,0.5,12x10x1,"{""front"":""12x14"",""back"":""12x14""}"
1c1f7029-f2d0-4757-93c3-9541d894df2a,Hanes Tall Beefy-T Crewneck T-shirt,hanes-tall-beefy-t-crewneck-t-shirt,"This soft, strong, heavyweight tee features Clean Canvas™ technology, which removes dirt, wax, and oil from the fabric. This reduces variation and inconsistency in print quality and creates an optimal print platform for your group logo!",1200,e2dbb0c4-8cf8-4b03-b8a1-3a0d6b64490a,CINK-196700,true,Custom Hanes Tall Beefy-T Crewneck T-shirt | Custom Ink,"This soft, strong, heavyweight tee features Clean Canvas™ technology, which removes dirt, wax, and oil from the fabric. This reduces variation and inconsistency",480,1800,0.5,12x10x1,"{""front"":""12x14"",""back"":""12x14""}"
6d0ab36b-42bf-4c70-8769-f472e5e31497,Hanes Perfect-T Crewneck T-shirt,hanes-perfect-t-crewneck-t-shirt,"Perfect is a high bar, but the updated Perfect-T offers the look and feel of a fashion brand and more. Enjoy the comfort and great feel of 100% US grown cotton in a lightweight fabric. Enhanced printability allows you to take pride in your artwork since it is created on Hanes's unique Clean Canvas technology.  ",1040,e2dbb0c4-8cf8-4b03-b8a1-3a0d6b64490a,CINK-176000,true,Custom Hanes Perfect-T Crewneck T-shirt | Custom Ink,"Perfect is a high bar, but the updated Perfect-T offers the look and feel of a fashion brand and more. Enjoy the comfort and great feel of 100% US grown cotton ",416,1560,0.5,12x10x1,"{""front"":""12x14"",""back"":""12x14""}"
cf134597-e2aa-4bc5-aed7-7e612a3f312f,Port & Company Tie-Dye T-shirt,port-and-company-tie-dye-t-shirt,"<p>Colorful and expressive, the Port & Company Tie-Dye T-shirt celebrates individuality and makes your group the center of attention at any gathering. Crafted with a vibrant tie-dye pattern, this tee offers exceptional comfort and a relaxed fit, perfect for all-day wear. Whether attending festivals, team events, or casual outings, this t-shirt adds a splash of color and fun to your wardrobe.</p>
<strong>Key Benefits:</strong>
<ul>
    
      <li><strong>Vibrant Tie-Dye Design:</strong> Express yourself with a unique and lively tie-dye pattern that stands out in any crowd, making it a perfect choice for groups looking to make an impression.</li>
      
      <li><strong>Comfortable Fit:</strong> Designed with a relaxed silhouette and ribbed knit collar, this tee ensures comfort and ease of movement for all-day wear.</li>
      
      <li><strong>Durable Construction:</strong> Made from a robust cotton fabric that withstands regular wear and washing while retaining its shape and vibrant colors.</li>
      
      <li><strong>Versatile Usage:</strong> Ideal for a variety of occasions, from casual hangouts to themed events and team activities.</li>
      
      <li><strong>Soft and Breathable Fabric:</strong> Crafted from soft, breathable materials that keep you comfortable, even on warm days.</li>
      
</ul>
",1500,e2dbb0c4-8cf8-4b03-b8a1-3a0d6b64490a,CINK-837200,true,Custom Port & Company Tie-Dye T-shirt | Custom Ink,"<p>Colorful and expressive, the Port & Company Tie-Dye T-shirt celebrates individuality and makes your group the center of attention at any gathering. Crafted w",600,2250,0.5,12x10x1,"{""front"":""12x14"",""back"":""12x14""}"
924c1a03-3b0a-409d-a932-d3b1c041cc16,American Apparel Jersey T-shirt,american-apparel-jersey-t-shirt,"Everyday comfort meets elevated simplicity in this essential tee!  The customizable American Apparel Jersey T-shirt is crafted from lightweight 100% ring spun cotton and features a comfortable cotton fabric, a side-seamed body, and a rib collar. Great for daily wear, team activities, creative campaigns, and more!",1310,e2dbb0c4-8cf8-4b03-b8a1-3a0d6b64490a,CINK-337600,true,Custom American Apparel Jersey T-shirt | Custom Ink,Everyday comfort meets elevated simplicity in this essential tee!  The customizable American Apparel Jersey T-shirt is crafted from lightweight 100% ring spun c,524,1965,0.5,12x10x1,"{""front"":""12x14"",""back"":""12x14""}"
da41e9af-04f2-450b-b88f-fe0b449e6b61,Port & Company Core Cotton T-shirt,port-and-company-core-cotton-t-shirt,This is a great year-round tee with an amazing selection of colors. This shirt comes in adult unisex and youth sizes as well so you can outfit your entire group!,865,e2dbb0c4-8cf8-4b03-b8a1-3a0d6b64490a,CINK-645300,true,Custom Port & Company Core Cotton T-shirt | Custom Ink,This is a great year-round tee with an amazing selection of colors. This shirt comes in adult unisex and youth sizes as well so you can outfit your entire group,346,1298,0.5,12x10x1,"{""front"":""12x14"",""back"":""12x14""}"
e0cfeb1d-32c8-451b-822a-2c5943baca2f,Bella + Canvas Women's Drop Shoulder Heavyweight T-shirt,bella-canvas-womens-drop-shoulder-heavyweight-t-shirt,"This fashion-forward staple pairs comfort with a modern edge! The customizable Bella + Canvas Women’s Drop Shoulder Heavyweight T-shirt features a boxy fit, comfortable cotton fabric, and a distinctive silhouette. Designed for elevated lifestyle branding or apparel launches. Ideal for retail programs or trend-driven merch lines.",1315,e2dbb0c4-8cf8-4b03-b8a1-3a0d6b64490a,CINK-2435700,true,Custom Bella + Canvas Women's Drop Shoulder Heavyweight T-shirt | Custom Ink,"This fashion-forward staple pairs comfort with a modern edge! The customizable Bella + Canvas Women’s Drop Shoulder Heavyweight T-shirt features a boxy fit, com",526,1973,0.5,12x10x1,"{""front"":""12x14"",""back"":""12x14""}"
52b36a5d-7686-42ba-abbd-20691907f36d,Port & Company Essential T-shirt,port-and-company-essential-t-shirt,"<p>The Port & Company Essential T-shirt is the perfect staple piece for any group's wardrobe. This versatile shirt is available in both women's and youth sizes, ensuring everyone can find their ideal fit. With a classic silhouette and various options to customize, this t-shirt stands out as a must-have essential.</p>
<strong>Key Benefits:</strong>
<ul>
    
      <li><strong>Comfortable Fit:</strong> Designed with a classic silhouette, this t-shirt offers a relaxed fit that provides all-day comfort, making it perfect for everyday wear.</li>
      
      <li><strong>Durability:</strong> Made from 100% cotton, this shirt ensures long-lasting durability while maintaining its soft feel, wash after wash.</li>
      
      <li><strong>Versatility:</strong> Available in a wide range of sizes including women's and youth, this t-shirt suits different body types and occasions, from casual outings to team events.</li>
      
      <li><strong>Customizable:</strong> Ideal for customization, whether for team uniforms or personal expression, thanks to its smooth fabric and multiple color choices.</li>
      
      <li><strong>Quality Craftsmanship:</strong> Double-needle stitching at the sleeves and hem reduces wear and tear, enhancing the shirt’s lifespan.</li>
      
</ul>

<p>This style is also available in <a href=""https://www.customink.com/products/t-shirts/short-sleeve-t-shirts/port-company-tall-essential-t-shirt/136600"" target=""_blank""> tall sizes</a>.</p>
",845,e2dbb0c4-8cf8-4b03-b8a1-3a0d6b64490a,CINK-123900,true,Custom Port & Company Essential T-shirt | Custom Ink,"<p>The Port & Company Essential T-shirt is the perfect staple piece for any group's wardrobe. This versatile shirt is available in both women's and youth sizes,",338,1268,0.5,12x10x1,"{""front"":""12x14"",""back"":""12x14""}"
69365801-4b73-40d2-b3ff-2fbf585d06ba,Comfort Colors 100% Cotton Pocket T-shirt - Embroidered,comfort-colors-100percent-cotton-pocket-t-shirt-embroidered,"This functional pocket t-shirt looks and feels like no other! Special attention is given to the pigment-dyed color process for a perfect vintage look every time. Looking to print on this shirt? Use the <a href=""https://www.customink.com/products/t-shirts/short-sleeve-t-shirts/comfort-colors-100-cotton-pocket-t-shirt/207900"" target=""_blank"">Comfort Colors 100% Cotton Pocket T‑shirt</a>!",1390,e2dbb0c4-8cf8-4b03-b8a1-3a0d6b64490a,CINK-1164700,true,Custom Comfort Colors 100% Cotton Pocket T-shirt - Embroidered | Custom Ink,This functional pocket t-shirt looks and feels like no other! Special attention is given to the pigment-dyed color process for a perfect vintage look every time,556,2085,0.5,12x10x1,"{""front"":""12x14"",""back"":""12x14""}"
a66ef917-bc54-4086-9967-c77e1c9cbc31,Hanes EcoSmart 50/50 T-shirt,hanes-ecosmart-5050-t-shirt,"This environmentally conscious tee uses recycled materials to create a comfortable blended fabric that dries faster and shrinks less than 100% cotton products. It’s the perfect match for large groups wanting to minimize their environmental footprint. Pair it with your printed school or business logo to make a shirt that looks and feels good to wear, both inside and out!",815,e2dbb0c4-8cf8-4b03-b8a1-3a0d6b64490a,CINK-169800,true,Custom Hanes EcoSmart 50/50 T-shirt | Custom Ink,This environmentally conscious tee uses recycled materials to create a comfortable blended fabric that dries faster and shrinks less than 100% cotton products. ,326,1223,0.5,12x10x1,"{""front"":""12x14"",""back"":""12x14""}"
dbcfae5e-43bd-4a85-8ca4-a1ace8357961,Next Level Ringer T-shirt,next-level-ringer-t-shirt,Outfit your fans and supporters with the classic ringer t-shirt! ,1080,e2dbb0c4-8cf8-4b03-b8a1-3a0d6b64490a,CINK-373700,true,Custom Next Level Ringer T-shirt | Custom Ink,Outfit your fans and supporters with the classic ringer t-shirt! ,432,1620,0.5,12x10x1,"{""front"":""12x14"",""back"":""12x14""}"
f4a320be-b7e3-4c01-a50c-8988f3d306d3,American Apparel Garment Dyed Cotton T-shirt,american-apparel-garment-dyed-cotton-t-shirt,"Step into effortless style with the customizable American Apparel Garment Dyed Cotton T-Shirt! Crafted with low-impact dyes and garment-dyed for a vintage, faded look, this tee is built to last with almost no shrinkage at home. Featuring a recycled tear-away label for added comfort, it’s perfect for team uniforms, promotional events, or anyone looking to combine comfort and timeless style.",1725,e2dbb0c4-8cf8-4b03-b8a1-3a0d6b64490a,CINK-1724500,true,Custom American Apparel Garment Dyed Cotton T-shirt | Custom Ink,"Step into effortless style with the customizable American Apparel Garment Dyed Cotton T-Shirt! Crafted with low-impact dyes and garment-dyed for a vintage, fade",690,2588,0.5,12x10x1,"{""front"":""12x14"",""back"":""12x14""}"
28558fcb-262d-40f6-b7b1-7935bc9dd6eb,Bella + Canvas Women's Jersey V-Neck T-shirt,bella-canvas-womens-jersey-v-neck-t-shirt,"The Bella + Canvas Women's Jersey V-Neck T-shirt is a great canvas for creating designs for your next gathering. So comfortable and versatile, you can easily add your custom design and create fun and memorable gear for a fundraiser, class shirts, a company casual event, a bridal shower, a birthday party, and more!",1115,e2dbb0c4-8cf8-4b03-b8a1-3a0d6b64490a,CINK-173100,true,Custom Bella + Canvas Women's Jersey V-Neck T-shirt | Custom Ink,"The Bella + Canvas Women's Jersey V-Neck T-shirt is a great canvas for creating designs for your next gathering. So comfortable and versatile, you can easily ad",446,1673,0.5,12x10x1,"{""front"":""12x14"",""back"":""12x14""}"
2fe9bab8-a8c6-4ced-aff6-ad0817debe6a,Jerzees 50/50 T-shirt,jerzees-5050-t-shirt,"A classic t-shirt makes this an easy choice for your next group event! Bonus: blended mid-weight fabric keeps you cool and comfortable year-round. This style is also available in <a href=""https://www.customink.com/products/t-shirts/short-sleeve-t-shirts/jerzees-tall-50-50-t-shirt/204000"" target=""_blank""> tall sizes</a>.
 ",790,e2dbb0c4-8cf8-4b03-b8a1-3a0d6b64490a,CINK-138800,true,Custom Jerzees 50/50 T-shirt | Custom Ink,A classic t-shirt makes this an easy choice for your next group event! Bonus: blended mid-weight fabric keeps you cool and comfortable year-round. This style is,316,1185,0.5,12x10x1,"{""front"":""12x14"",""back"":""12x14""}"
66bf6d36-74fd-455a-b029-203e97259b77,Gildan Ultra Cotton T-shirt - Embroidered,gildan-ultra-cotton-t-shirt-embroidered,"A great look priced right! The customizable Gildan Ultra Cotton T-Shirt - Embroidered offers an “ultra” popular heavyweight feel with 100% cotton fabric. Perfect for team events, promotions, or everyday wear this durable shirt provides both comfort and style. Looking to print on this shirt? Check out the <a href=""https://www.customink.com/products/t-shirts/short-sleeve-t-shirts/gildan-ultra-cotton-t-shirt/4600"" target=""_blank"">Gildan Ultra Cotton T-shirt</a>!",750,e2dbb0c4-8cf8-4b03-b8a1-3a0d6b64490a,CINK-1678200,true,Custom Gildan Ultra Cotton T-shirt - Embroidered | Custom Ink,A great look priced right! The customizable Gildan Ultra Cotton T-Shirt - Embroidered offers an “ultra” popular heavyweight feel with 100% cotton fabric. Perfec,300,1125,0.5,12x10x1,"{""front"":""12x14"",""back"":""12x14""}"
b92d394b-47d1-4df9-b7f7-76ead412db49,Port & Company Core Tri-Blend T-shirt,port-and-company-core-tri-blend-t-shirt,"<p>The Port & Company Core Tri-Blend T-shirt is an exceptional choice for those seeking style and comfort. Made from a premium tri-blend fabric, it offers unparalleled softness and breathability, making it ideal for everyday wear. With a modern fit and a selection of appealing colors, this T-shirt caters to any casual group event, team, or casual outing.</p>
<strong>Key Benefits:</strong>
<ul>
    
      <li><strong>Premium Softness:</strong> The tri-blend fabric provides an incredibly soft texture that feels gentle against the skin, ensuring all-day comfort.</li>
      
      <li><strong>Breathable Material:</strong> Designed for breathability, this T-shirt keeps you cool and comfortable, even during active or warm days.</li>
      
      <li><strong>Versatile Style:</strong> With a contemporary silhouette and stylish colors, it suits a variety of casual occasions or team activities.</li>
      
      <li><strong>Durable Quality:</strong> The blend of materials ensures longevity, standing up to repeated washes and wear without losing shape or softness.</li>
      
      <li><strong>Customizable:</strong> Offers great customization options for logos or team designs, enhancing group unity and spirit.</li>
      
</ul>
",1470,e2dbb0c4-8cf8-4b03-b8a1-3a0d6b64490a,CINK-1567900,true,Custom Port & Company Core Tri-Blend T-shirt | Custom Ink,"<p>The Port & Company Core Tri-Blend T-shirt is an exceptional choice for those seeking style and comfort. Made from a premium tri-blend fabric, it offers unpar",588,2205,0.5,12x10x1,"{""front"":""12x14"",""back"":""12x14""}"
62f9c935-5ead-4f36-8721-7636dbf56395,Carhartt Workwear Crewneck Pocket T‑shirt,carhartt-workwear-crewneck-pocket-tshirt,"<p>The Carhartt Workwear Crewneck Pocket T-shirt is the ultimate choice for professionals seeking reliability and comfort. Known for its durability, this T-shirt is designed to withstand the rigors of a busy work environment, making it perfect for those demanding long-lasting quality. With a convenient chest pocket, it offers the practicality of holding daily essentials, enhancing functionality while keeping a polished appearance.</p>
<strong>Key Benefits:</strong>
<ul>
    
      <li><strong>Durability Guaranteed:</strong> Constructed with heavyweight cotton, this T-shirt is designed to endure daily wear and provide long-lasting performance.</li>
      
      <li><strong>Comfortable Fit:</strong> The relaxed fit ensures comfort and ease of movement, suitable for diverse body types, allowing you to work freely throughout the day.</li>
      
      <li><strong>Functional Design:</strong> Equipped with a practical chest pocket, this T-shirt offers quick access to tools like pens or small notepads, keeping essentials within reach.</li>
      
      <li><strong>Professional Appearance:</strong> With its classic crewneck design, this shirt maintains a tidy, professional look ideal for various work settings.</li>
      
      <li><strong>Preserves Shape:</strong> The fabric's resilience is specifically engineered to maintain its shape wash after wash, ensuring a consistent fit over time.</li>
      
</ul>

<p>Looking to embroider this shirt? Use <a href=""https://www.customink.com/products/t-shirts/short-sleeve-t-shirts/carhartt-workwear-crewneck-pocket-t-shirt---embroidered/1138600"" target=""_blank"">Carhartt Workwear Crewneck Pocket T‑shirt ‑ Embroidered</a>!</p>
",4295,e2dbb0c4-8cf8-4b03-b8a1-3a0d6b64490a,CINK-389800,true,Custom Carhartt Workwear Crewneck Pocket T‑shirt | Custom Ink,"<p>The Carhartt Workwear Crewneck Pocket T-shirt is the ultimate choice for professionals seeking reliability and comfort. Known for its durability, this T-shir",1718,6443,0.5,12x10x1,"{""front"":""12x14"",""back"":""12x14""}"
2f4458ad-7652-45c4-ab76-6131ee329d03,Champion Heavyweight Heritage T-shirt,champion-heavyweight-heritage-t-shirt,"This heavyweight tee is the perfect platform for your team’s logo. With sturdy, durable fabric and a relaxed fit, this Champion shirt works as hard as you do!",1510,e2dbb0c4-8cf8-4b03-b8a1-3a0d6b64490a,CINK-336100,true,Custom Champion Heavyweight Heritage T-shirt | Custom Ink,"This heavyweight tee is the perfect platform for your team’s logo. With sturdy, durable fabric and a relaxed fit, this Champion shirt works as hard as you do!",604,2265,0.5,12x10x1,"{""front"":""12x14"",""back"":""12x14""}"
00a6549e-d0a8-4bc9-8e7c-9fa1f4def3e0,Gildan Softstyle Jersey Blend T-shirt,gildan-softstyle-jersey-blend-t-shirt,"A worn-in feel right out of the box! Everyone needs a new favorite go-to-tee and it's so soft it will end up in your weekly rotation. A great choice to keep your group or team comfortable and fashionable!
",1405,e2dbb0c4-8cf8-4b03-b8a1-3a0d6b64490a,CINK-1021000,true,Custom Gildan Softstyle Jersey Blend T-shirt | Custom Ink,A worn-in feel right out of the box! Everyone needs a new favorite go-to-tee and it's so soft it will end up in your weekly rotation. A great choice to keep you,562,2108,0.5,12x10x1,"{""front"":""12x14"",""back"":""12x14""}"
28cbc374-a107-4216-b236-873e21258bf7,Stanley/Stella Creator Organic Cotton T-shirt 2.0,stanleystella-creator-organic-cotton-t-shirt-20,"<p>The Stanley/Stella Creator Organic Cotton T-shirt 2.0 is a perfect blend of style and sustainability, crafted from high-quality 100% organic combed ring-spun cotton. This T-shirt offers a modern fit with a comfortable and breathable design, making it ideal for everyday wear. It stands out as an eco-friendly option for businesses looking for customizable, sustainable apparel.</p>
<strong>Key Benefits:</strong>
<ul>
    
      <li><strong>Sustainable Design:</strong> Made from 100% organic combed ring-spun cotton, this T-shirt provides a sustainable option for eco-conscious consumers, supporting environmentally friendly practices.</li>
      
      <li><strong>Comfort and Breathability:</strong> The breathable fabric ensures all-day comfort, keeping you cool and at ease whether you're at work or leisure.</li>
      
      <li><strong>Customizable:</strong> The perfect canvas for promotions, the T-shirt's material is easy to customize with logos, designs, and personalization to suit your brand's needs.</li>
      
      <li><strong>Modern Fit:</strong> With a contemporary silhouette, this T-shirt offers a stylish, modern appeal that complements various wardrobe styles.</li>
      
      <li><strong>Durable Quality:</strong> The high-quality fabric and construction provide lasting durability, ensuring it handles washes and wears well.</li>
      
</ul>
",1315,e2dbb0c4-8cf8-4b03-b8a1-3a0d6b64490a,CINK-1798100,true,Custom Stanley/Stella Creator Organic Cotton T-shirt 2.0 | Custom Ink,"<p>The Stanley/Stella Creator Organic Cotton T-shirt 2.0 is a perfect blend of style and sustainability, crafted from high-quality 100% organic combed ring-spun",526,1973,0.5,12x10x1,"{""front"":""12x14"",""back"":""12x14""}"
bee48167-4d7d-4064-9a58-aab1bea0e493,Next Level Jersey T-shirt,next-level-jersey-t-shirt,This affordable t-shirt is the perfect combination of style and comfort.  An easy choice for your next event.,1100,e2dbb0c4-8cf8-4b03-b8a1-3a0d6b64490a,CINK-172100,true,Custom Next Level Jersey T-shirt | Custom Ink,This affordable t-shirt is the perfect combination of style and comfort.  An easy choice for your next event.,440,1650,0.5,12x10x1,"{""front"":""12x14"",""back"":""12x14""}"
a3cf64b9-70e0-489a-98af-fccb31154610,Hanes Sport Cool Dri Performance Shirt,hanes-sport-cool-dri-performance-shirt,"Complete with UV protection and moisture wicking, Cool DRI™ technology, this product is the perfect choice for teams, charity walks or working outdoors to keep your group cool, dry and protected from the sun’s harmful rays!",1240,e2dbb0c4-8cf8-4b03-b8a1-3a0d6b64490a,CINK-204500,true,Custom Hanes Sport Cool Dri Performance Shirt | Custom Ink,"Complete with UV protection and moisture wicking, Cool DRI™ technology, this product is the perfect choice for teams, charity walks or working outdoors to keep ",496,1860,0.5,12x10x1,"{""front"":""12x14"",""back"":""12x14""}"
ace7a9dc-5891-49bf-ad5b-bc887baf10dc,Gildan Softstyle Jersey V-Neck T-shirt,gildan-softstyle-jersey-v-neck-t-shirt,"This t-shirt has the feel of a premium, soft cotton t-shirt without the premium price tag.  Stylish v-necks look good on everyone!

",1420,e2dbb0c4-8cf8-4b03-b8a1-3a0d6b64490a,CINK-176800,true,Custom Gildan Softstyle Jersey V-Neck T-shirt | Custom Ink,"This t-shirt has the feel of a premium, soft cotton t-shirt without the premium price tag.  Stylish v-necks look good on everyone!

",568,2130,0.5,12x10x1,"{""front"":""12x14"",""back"":""12x14""}"
f3819a6a-f7f2-4422-86de-09eb490b8138,Port & Company Women's Fan Favorite V-Neck T-shirt,port-and-company-womens-fan-favorite-v-neck-t-shirt,"<p>The Port & Company Women's Fan Favorite V-Neck T-shirt delivers both style and comfort, perfect for showing off your team spirit. Crafted to match your favorite team colors, this tee offers a casual yet flattering look with its V-neck design. Made from 100% ring spun cotton, it ensures softness and breathability, keeping you comfortable during any activity. Ideal for team events, casual outings, or simply expressing your fan pride, this T-shirt combines comfort with a fashion-forward edge.</p>
<strong>Key Benefits:</strong>
<ul>
    
      <li><strong>Team Color Matching:</strong> Expertly designed to match collegiate and professional sports team colors, allowing fans to display their pride authentically.</li>
      
      <li><strong>Soft and Breathable Material:</strong> Made from 100% ring spun cotton, providing a soft touch and breathable wear for all-day comfort.</li>
      
      <li><strong>Flattering V-neck Design:</strong> The classic V-neckline offers a flattering fit and stylish look, enhancing your casual wardrobe.</li>
      
      <li><strong>Durable and Long-lasting:</strong> Ring spun cotton construction ensures a durable fabric that withstands regular wear and frequent washing.</li>
      
      <li><strong>Versatile Wearability:</strong> Perfect for game days, casual outings, or sporty looks, this tee is versatile enough to wear anywhere.</li>
      
</ul>
",1180,e2dbb0c4-8cf8-4b03-b8a1-3a0d6b64490a,CINK-647800,true,Custom Port & Company Women's Fan Favorite V-Neck T-shirt | Custom Ink,"<p>The Port & Company Women's Fan Favorite V-Neck T-shirt delivers both style and comfort, perfect for showing off your team spirit. Crafted to match your favor",472,1770,0.5,12x10x1,"{""front"":""12x14"",""back"":""12x14""}"
